<?xml version="1.0" encoding="UTF-8"?>
<project-private xmlns="http://www.netbeans.org/ns/project-private/1">
    <editor-bookmarks xmlns="http://www.netbeans.org/ns/editor-bookmarks/2" lastBookmarkId="0"/>
    <open-files xmlns="http://www.netbeans.org/ns/projectui-open-files/2">
        <group>
            <file>file:/C:/Users/evwil0771/Downloads/ICS4UFinalProject-FightStageDec21/ICS4UFinalProject-FightStage/ICS4UFinalProject/src/ics4ufinalproject/Protagonist.java</file>
            <file>file:/C:/Users/evwil0771/Downloads/ICS4UFinalProject-FightStageDec21/ICS4UFinalProject-FightStage/ICS4UFinalProject/src/ics4ufinalproject/Enemy.java</file>
            <file>file:/C:/Users/evwil0771/Downloads/ICS4UFinalProject-FightStageDec21/ICS4UFinalProject-FightStage/ICS4UFinalProject/src/ics4ufinalproject/DrawingSurface.java</file>
            <file>file:/C:/Users/evwil0771/Downloads/ICS4UFinalProject-FightStageDec21/ICS4UFinalProject-FightStage/ICS4UFinalProject/src/ics4ufinalproject/leaderBoard.java</file>
            <file>file:/C:/Users/evwil0771/Downloads/ICS4UFinalProject-FightStageDec21/ICS4UFinalProject-FightStage/ICS4UFinalProject/src/ics4ufinalproject/MainMenu.java</file>
            <file>file:/C:/Users/evwil0771/Downloads/ICS4UFinalProject-FightStageDec21/ICS4UFinalProject-FightStage/ICS4UFinalProject/src/ics4ufinalproject/Stars.java</file>
            <file>file:/C:/Users/evwil0771/Downloads/ICS4UFinalProject-FightStageDec21/ICS4UFinalProject-FightStage/ICS4UFinalProject/src/ics4ufinalproject/FightStage.java</file>
            <file>file:/C:/Users/evwil0771/Downloads/ICS4UFinalProject-FightStageDec21/ICS4UFinalProject-FightStage/ICS4UFinalProject/src/ics4ufinalproject/Attack.java</file>
        </group>
    </open-files>
</project-private>
